fname,lname,email
abin,e,abin@expresslab.com
devin,m,devin@gmail.com
jesiica,j,jessica@gmail.com
afith,j,afitha@expertlab.com
ashna,h,ashna@gmail.com
melbin,k,melbin@gmail.com
athisruth,d,athisruth@gmail.com
amith,p,amith@hp.com
athul,l,athul@gmail.com
david,m,david@gmail.com
